{
  "assetsByChunkName": {
    "vendors~app-account~app-confirmation~app-order": "chunk.af34a33a00efd6ebcb61.js",
    "vendors~app-account~app-checkout": "chunk.dbfb507201e019352495.js",
    "vendors~app-cart~app-checkout": "chunk.b2ef214b7fd996cfc041.js",
    "admin": [
      "admin.e4bb31d044e6d5cb6b5f.js",
      "admin.e4bb31d044e6d5cb6b5f.js.map"
    ],
    "app-account": "chunk.978f45b729d77f039b13.js",
    "app-checkout": "chunk.78ccab78110f969c41aa.js",
    "app-confirmation": "chunk.b0a73943a49fd35523a1.js",
    "checkout": [
      "checkout.0dea8412a30584405b37.js",
      "checkout.0dea8412a30584405b37.js.map"
    ],
    "storefront": [
      "storefront.d08ea2a0b52dfc8b998e.css",
      "storefront.bcfe676b55c54ee8f0d2.js",
      "storefront.d08ea2a0b52dfc8b998e.css.map",
      "storefront.bcfe676b55c54ee8f0d2.js.map"
    ],
    "vendors~app-cart": "chunk.91bf4905d005ccfbb8f4.js",
    "vendors~app-order": "chunk.04f3ac6c5f2b7c0ec1bf.js"
  }
}