{
  "marketing_stripe": {
    "text": "",
    "link": ""
  },
  "contacts_stripe": {
    "pages": [],
    "phone_wpp": false,
    "socials": false
  },
  "categories_list": {
    "featured": [
      "/alimentacao/?Alimentação",
      "/petiscos/?Petiscos",
      "/brinquedos/?Brinquedos",
      "/acessorios/?Acessórios",
      "/higiene/?Higiene",
      "/coelhoucos/?Coelhoucos"
    ],
    "random": 0,
    "full_width": false
  },
  "centralized_logo": false,
  "desktop_megamenu": false,
  "search_input": true,
  "alphabetical_order_submenu": false,
  "full_width_submenu": false
}