{
  "meta_title": "",
  "meta_description": "",
  "sections": [
    {
      "type": "banner-slider",
      "autoplay": 9000,
      "full_width": false,
      "slides": [
        {
          "img": "/img/uploads/sej-a-bem-vindo-1-compressed.jpg",
          "link": "",
          "alt": "Bem vindo"
        },
        {
          "start": "",
          "end": "",
          "img": "/img/uploads/sej-a-bem-vindo-2-compressed.jpg",
          "alt": "Primeira loja virtual desde 2013"
        },
        {
          "img": "/img/uploads/sej-a-bem-vindo-1.png",
          "link": "",
          "alt": "Loja virtual"
        },
        {
          "start": "",
          "end": "",
          "img": "/img/uploads/sej-a-bem-vindo-5.png",
          "alt": "Cupom de primeira compra"
        }
      ]
    },
    {
      "type": "banners-grid",
      "banners": [
        {
          "img": "/img/uploads/CORRETO23.png",
          "mobile_img": "/img/uploads/FACHADA-CELULAR-COELHANDIA.png",
          "link": "/"
        }
      ]
    },
    {
      "type": "banners-grid",
      "banners": [
        {
          "img": "/img/uploads/fenosbanner.png",
          "link": "/"
        },
        {
          "img": "/img/uploads/petiscosbanner.png",
          "link": "/"
        },
        {
          "img": "/img/uploads/higienebanner.png",
          "link": "/"
        }
      ]
    },
    {
      "type": "dynamic-showcase",
      "shuffle": true,
      "collection_id": null,
      "sort": "offers",
      "title": "",
      "headless": false,
      "limit": 12,
      "page": 1
    }
  ]
}